Cities,Density,Alpha,Beta,Baseline,goldThief,Improvement_%
10,0.2,0.0,0.5,16.76,8.83,47.3
10,0.2,0.0,1.0,16.76,8.83,47.3
10,0.2,0.0,2.0,16.76,8.83,47.3
10,0.2,0.0,4.0,16.76,7.27,56.63
10,0.2,1.0,0.5,200.79,186.42,7.16
10,0.2,1.0,1.0,4896.29,4888.5,0.16
10,0.2,1.0,2.0,5040210.47,3150362.29,37.5
10,0.2,1.0,4.0,8630924594765.85,1745499746893.88,79.78
10,0.2,2.0,0.5,277.02,258.79,6.58
10,0.2,2.0,1.0,9775.81,9768.03,0.08
10,0.2,2.0,2.0,20160791.6,12601408.63,37.5
10,0.2,2.0,4.0,138094793516002.27,27927995950099.4,79.78
10,0.2,4.0,0.5,384.83,361.14,6.16
10,0.2,4.0,1.0,19534.87,19527.08,0.04
10,0.2,4.0,2.0,80643116.14,50405593.98,37.5
10,0.2,4.0,4.0,2209516696255785.5,446847935201387.8,79.78
10,0.5,0.0,0.5,8.16,5.15,36.9
10,0.5,0.0,1.0,8.16,5.15,36.9
10,0.5,0.0,2.0,8.16,5.15,36.9
10,0.5,0.0,4.0,8.16,4.88,40.15
10,0.5,1.0,0.5,134.66,130.3,3.23
10,0.5,1.0,1.0,2100.68,2099.22,0.07
10,0.5,1.0,2.0,712802.65,610113.54,14.41
10,0.5,1.0,4.0,112781534773.12,65515481515.84,41.91
10,0.5,2.0,0.5,187.05,181.72,2.85
10,0.5,2.0,1.0,4193.2,4191.74,0.03
10,0.5,2.0,2.0,2851186.12,2440433.85,14.41
10,0.5,2.0,4.0,1804504556247.56,1048247704152.02,41.91
10,0.5,4.0,0.5,261.16,254.43,2.58
10,0.5,4.0,1.0,8378.24,8376.79,0.02
10,0.5,4.0,2.0,11404720.0,9761715.1,14.41
10,0.5,4.0,4.0,28872072899838.64,16771963266330.8,41.91
10,1.0,0.0,0.5,7.34,3.9,46.9
10,1.0,0.0,1.0,7.34,3.9,46.9
10,1.0,0.0,2.0,7.34,3.9,46.9
10,1.0,0.0,4.0,7.34,3.58,51.22
10,1.0,1.0,0.5,127.74,119.26,6.64
10,1.0,1.0,1.0,1871.77,1871.77,0.0
10,1.0,1.0,2.0,544978.88,544978.88,0.0
10,1.0,1.0,4.0,59160486867.93,59160486867.93,0.0
10,1.0,2.0,0.5,177.61,166.71,6.14
10,1.0,2.0,1.0,3736.21,3736.21,0.0
10,1.0,2.0,2.0,2179893.51,2179893.51,0.0
10,1.0,2.0,4.0,946567789776.91,946567789776.91,0.0
10,1.0,4.0,0.5,248.15,233.8,5.78
10,1.0,4.0,1.0,7465.09,7465.09,0.0
10,1.0,4.0,2.0,8719552.03,8719552.03,0.0
10,1.0,4.0,4.0,15145084636320.54,15145084636320.54,0.0
50,0.2,0.0,0.5,53.72,27.79,48.27
50,0.2,0.0,1.0,53.72,27.79,48.27
50,0.2,0.0,2.0,53.72,27.79,48.27
50,0.2,0.0,4.0,53.72,24.03,55.27
50,0.2,1.0,0.5,798.13,741.14,7.14
50,0.2,1.0,1.0,12897.33,12885.36,0.09
50,0.2,1.0,2.0,4932057.91,4277295.59,13.28
50,0.2,1.0,4.0,1405844624649.76,612005661488.78,56.47
50,0.2,2.0,0.5,1106.48,1033.76,6.57
50,0.2,2.0,1.0,25740.94,25728.97,0.05
50,0.2,2.0,2.0,19728070.49,17109032.57,13.28
50,0.2,2.0,4.0,22493513993590.42,9792090583088.14,56.47
50,0.2,4.0,0.5,1542.55,1447.57,6.16
50,0.2,4.0,1.0,51428.16,51416.2,0.02
50,0.2,4.0,2.0,78912120.8,68435980.5,13.28
50,0.2,4.0,4.0,359896223896641.06,156673449328677.94,56.47
50,0.5,0.0,0.5,38.35,17.93,53.24
50,0.5,0.0,1.0,38.35,17.93,53.24
50,0.5,0.0,2.0,38.35,17.93,53.24
50,0.5,0.0,4.0,38.35,15.0,60.88
50,0.5,1.0,0.5,675.39,611.48,9.46
50,0.5,1.0,1.0,9408.58,9398.61,0.11
50,0.5,1.0,2.0,2489810.78,2166704.31,12.98
50,0.5,1.0,4.0,281876565591.2,147528876020.29,47.66
50,0.5,2.0,0.5,939.26,855.32,8.94
50,0.5,2.0,1.0,18778.81,18769.74,0.05
50,0.5,2.0,2.0,9959128.06,8666713.18,12.98
50,0.5,2.0,4.0,4510025048883.97,2360462015802.79,47.66
50,0.5,4.0,0.5,1312.43,1200.72,8.51
50,0.5,4.0,1.0,37519.26,37510.44,0.02
50,0.5,4.0,2.0,39836397.17,34666748.66,12.98
50,0.5,4.0,4.0,72160400781568.16,37767392252322.92,47.66
50,1.0,0.0,0.5,35.71,15.02,57.92
50,1.0,0.0,1.0,35.71,15.02,57.92
50,1.0,0.0,2.0,35.71,15.02,57.92
50,1.0,0.0,4.0,35.71,12.75,64.3
50,1.0,1.0,0.5,646.43,562.65,12.96
50,1.0,1.0,1.0,8662.89,8657.77,0.06
50,1.0,1.0,2.0,2121786.14,1858705.84,12.4
50,1.0,1.0,4.0,207399995524.65,108304964499.24,47.78
50,1.0,2.0,0.5,899.4,788.48,12.33
50,1.0,2.0,1.0,17290.08,17286.4,0.02
50,1.0,2.0,2.0,8487037.45,7434728.31,12.4
50,1.0,2.0,4.0,3318399927858.8,1732879431516.83,47.78
50,1.0,4.0,0.5,1257.16,1107.85,11.88
50,1.0,4.0,1.0,34544.45,34541.95,0.01
50,1.0,4.0,2.0,33948042.67,29738818.19,12.4
50,1.0,4.0,4.0,53094398845205.16,27726070903798.38,47.78
100,0.2,0.0,0.5,107.5,49.03,54.39
100,0.2,0.0,1.0,107.5,49.03,54.39
100,0.2,0.0,2.0,107.5,49.03,54.39
100,0.2,0.0,4.0,107.5,46.75,56.52
100,0.2,1.0,0.5,1563.99,1366.64,12.62
100,0.2,1.0,1.0,25266.41,25233.49,0.13
100,0.2,1.0,2.0,9549171.57,8645190.41,9.47
100,0.2,1.0,4.0,2071373894995.78,1357192780008.37,34.48
100,0.2,2.0,0.5,2167.29,1908.9,11.92
100,0.2,2.0,1.0,50425.31,50393.06,0.06
100,0.2,2.0,2.0,38196363.79,34580482.09,9.47
100,0.2,2.0,4.0,33141982318319.99,21715084478743.44,34.48
100,0.2,4.0,0.5,3020.48,2676.69,11.38
100,0.2,4.0,1.0,100743.12,100711.07,0.03
100,0.2,4.0,2.0,152785132.67,138321648.81,9.47
100,0.2,4.0,4.0,530271717091507.5,347441351658504.6,34.48
100,0.5,0.0,0.5,76.83,33.92,55.86
100,0.5,0.0,1.0,76.83,33.92,55.86
100,0.5,0.0,2.0,76.83,33.92,55.86
100,0.5,0.0,4.0,76.83,30.98,59.67
100,0.5,1.0,0.5,1315.62,1130.76,14.05
100,0.5,1.0,1.0,18811.32,18795.01,0.09
100,0.5,1.0,2.0,5680915.28,4870532.44,14.27
100,0.5,1.0,4.0,855940761718.21,459418514829.85,46.33
100,0.5,2.0,0.5,1828.75,1584.41,13.36
100,0.5,2.0,1.0,37545.81,37530.12,0.04
100,0.5,2.0,2.0,22723430.65,19481936.25,14.26
100,0.5,2.0,4.0,13695052186338.96,7350696236336.15,46.33
100,0.5,4.0,0.5,2554.41,2224.86,12.9
100,0.5,4.0,1.0,75014.8,75000.3,0.02
100,0.5,4.0,2.0,90893492.09,77927551.45,14.26
100,0.5,4.0,4.0,219120834980271.0,117611139780436.88,46.33
100,1.0,0.0,0.5,74.45,30.53,59.0
100,1.0,0.0,1.0,74.45,30.53,59.0
100,1.0,0.0,2.0,74.45,30.53,59.0
100,1.0,0.0,4.0,74.45,27.61,62.92
100,1.0,1.0,0.5,1292.63,1068.62,17.33
100,1.0,1.0,1.0,18266.19,18255.18,0.06
100,1.0,1.0,2.0,5404978.09,4609753.93,14.71
100,1.0,1.0,4.0,793337760921.43,462364085068.66,41.72
100,1.0,2.0,0.5,1797.22,1497.9,16.65
100,1.0,2.0,1.0,36457.92,36450.56,0.02
100,1.0,2.0,2.0,21619689.0,18438838.76,14.71
100,1.0,2.0,4.0,12693404173626.13,7397825360202.99,41.72
100,1.0,4.0,0.5,2510.81,2104.98,16.16
100,1.0,4.0,1.0,72841.38,72836.69,0.01
100,1.0,4.0,2.0,86478532.63,73755178.08,14.71
100,1.0,4.0,4.0,203094466776901.2,118365205762352.31,41.72
